{
  "model_type": "linear_ridge",
  "target": "riego_bruto_mm",
  "created_at": "2026-05-21T13:30:50.138272+00:00",
  "schema": {
    "numeric_fields": [
      "day_sin",
      "day_cos",
      "et0_mm",
      "lluvia_mm",
      "tmin_c",
      "tmax_c",
      "tmedia_c",
      "kc",
      "marco_m2_por_planta",
      "eficiencia_riego",
      "lluvia_efectiva_ratio"
    ],
    "categorical_fields": [
      "estacion",
      "provincia",
      "cultivo",
      "fase"
    ],
    "numeric_means": {
      "day_sin": 0.6412863302223928,
      "day_cos": 0.01086265497827062,
      "et0_mm": 3.8264988558352404,
      "lluvia_mm": 1.7178489702517161,
      "tmin_c": 10.838672768878718,
      "tmax_c": 23.623112128146452,
      "tmedia_c": 17.22974828375286,
      "kc": 0.7827231121281465,
      "marco_m2_por_planta": 19.226544622425628,
      "eficiencia_riego": 0.9,
      "lluvia_efectiva_ratio": 0.8
    },
    "numeric_stds": {
      "day_sin": 0.305797093571532,
      "day_cos": 0.7036490481482391,
      "et0_mm": 1.9903305977758134,
      "lluvia_mm": 5.665379380017203,
      "tmin_c": 4.289755885958082,
      "tmax_c": 6.49244175373506,
      "tmedia_c": 5.107116511993212,
      "kc": 0.08513093289664116,
      "marco_m2_por_planta": 9.037750991274006,
      "eficiencia_riego": 1.0,
      "lluvia_efectiva_ratio": 1.0
    },
    "categories": {
      "estacion": [
        "5783"
      ],
      "provincia": [
        "SEVILLA"
      ],
      "cultivo": [
        "almendro",
        "citricos",
        "olivar"
      ],
      "fase": [
        "media"
      ]
    }
  },
  "weights": [
    3.0172719144419418,
    0.01095867236094277,
    0.3200270148803667,
    1.8965590565723829,
    -0.39480638486893577,
    -2.4777104053689865,
    -3.375070817059235,
    5.718915138937111,
    0.16910748751149812,
    0.12629934693038936,
    0.0,
    0.0,
    0.0,
    0.0,
    0.08898633524896686,
    -0.06801977693885544,
    -0.020966557852168537,
    0.0
  ],
  "metrics": {
    "mae_mm": 0.3164,
    "rmse_mm": 0.5301,
    "r2": 0.9337,
    "rows": 109
  },
  "backend_requested": "linear"
}
